255,256
292,423
1,2
3,4,5,6,7,8,9,10,11,12,13,14,15,16,17,18,19,20,21,22,23,24,25,26,27,28,29,30,31,32,33,34,35,36,37,38,39,40,41,42,43,44,45,46,47,48,49,50,51,52,53,54,55,56,57,58,59,60,61,62,63,64,65,66,67,68,69,70,71,72,73,74,75,76,77,78,79,80,81,82,83,84,85,86,87,88,89,90,91,92,93,94,95,96,97,98,99,100,101,102,103,104
3,4,5,6,7,8,9,10,31,32,33,34,35,36,37,38,105,106,107,108,109,110,111,112,150,151,152,153,154,155,156,157,244,245,257,258,259,260,261,262,263,264,265,266,267,268,269,270,271,272,273,318,319,320,321,322,323,324,325,326,327,328,329,330,331,332,333,334,342,343,344,345,346,347,348,349,350,351,352,353,354,355,356,357,358,388,389,390,391,392,393,394,395,396,397,398,399,400,401,402,403,404
51,52,59,60,62,63,72,73,80,81,88,89,91,92,101,102,125,126,133,134,136,137,146,147,178,179,180,188,189,190,192,193,194,205,206,207,211,212,213,221,222,223,225,226,227,238,239,240,249,251,252,254,257,258,264,265,274,275,281,282,293,294,300,301,303,304,313,314,318,319,325,326,335,336,342,343,349,350,359,360,366,367,377,378,388,389,395,396,405,406,412,413,424,425,431,432,434,435,444,445,449,450
150,151,152,153,154,155,156,157,158,159,160,161,162,163,164,165,166,167,168,169,170,171,172,173,174,175,176,177,178,179,180,181,182,183,184,185,186,187,188,189,190,191,192,193,194,195,196,197,198,199,200,201,202,203,204,205,206,207,208,209,210
15,16,17,18,23,24,25,26,43,44,45,46,117,118,119,120,162,163,164,165,170,171,172,173,247,281,282,283,284,285,286,287,288,289,366,367,368,369,370,371,372,373,374,377,378,379,380,381,382,383,384,385,412,413,414,415,416,417,418,419,420
54,65,71,75,83,94,100,104,128,139,145,149,182,183,196,197,203,204,209,210,215,216,229,230,236,237,242,243,260,262,267,277,284,286,296,306,311,316,321,323,328,338,345,347,352,362,369,371,380,382,391,393,398,408,415,417,427,437,442,447,452
257,258,259,260,261,262,263,264,265,266,267,268,269,270,271,272,273,274,275,276,277,278,279,280,281,282,283,284,285,286,287,288,289,290,291,292,293,294,295,296,297,298,299,300,301,302,303,304,305,306,307,308,309,310,311,312,313,314,315,316,317,318,319,320,321,322,323,324,325,326,327,328,329,330,331,332,333,334,335,336,337,338,339,340,341
1,51,52,53,54,55,56,57,58,59,60,61,80,81,82,83,84,85,86,87,88,89,90,125,126,127,128,129,130,131,132,133,134,135,178,179,180,181,182,183,184,185,186,187,188,189,190,191,211,212,213,214,215,216,217,218,219,220,221,222,223,224,249,250,251,293,294,295,296,297,298,299,300,301,302,424,425,426,427,428,429,430,431,432,433
3,4,7,8,11,12,15,16,19,20,23,24,27,28,31,32,35,36,39,40,43,44,47,48,55,56,66,67,76,77,84,85,95,96,105,106,109,110,113,114,117,118,121,122,129,130,140,141,150,154,158,162,166,170,174,184,198,217,231,255,269,272,279,288,290,298,308,330,333,340,354,357,364,373,375,384,386,400,403,410,419,421,429,439,454
1,2
255,256
292,423
31,32,33,34,35,36,37,38,39,40,41,42,43,44,45,46,47,48,49,50,51,52,53,54,55,56,57,58,59,60,61,62,63,64,65,66,67,68,69,70,71,72,73,74,75,76,77,78,79,388,389,390,391,392,393,394,395,396,397,398,399,400,401,402,403,404,405,406,407,408,409,410,411,412,413,414,415,416,417,418,419,420,421,422,423,424,425,426,427,428,429,430,431,432,433,434,435,436,437,438,439,440,441,442,443,444,445,446,447,448,449,450,451,452,453,454,455
2,3,4,5,6,31,32,33,34,62,63,64,65,66,67,68,69,70,91,92,93,94,95,96,97,98,99,105,106,107,108,136,137,138,139,140,141,142,143,144,150,151,152,153,192,193,194,195,196,197,198,199,200,201,202,225,226,227,228,229,230,231,232,233,234,235,244,252,253,264,265,266,267,268,269,270,271,303,304,305,306,307,308,309,310,325,326,327,328,329,330,331,332,349,350,351,352,353,354,355,356,395,396,397,398,399,400,401,402,434,435,436,437,438,439,440,441
5,9,13,17,21,25,29,33,37,41,45,49,52,57,60,63,68,73,78,81,86,89,92,97,102,107,111,115,119,123,126,131,134,137,142,147,151,155,159,163,167,171,175,180,185,190,194,199,207,213,218,223,227,232,240,244,245,246,247,248,249,250,251,252,253,254,256,257,264,270,273,274,280,281,289,291,293,299,300,303,309,313,318,325,331,334,335,341,342,349,355,358,359,365,366,374,376,377,385,387,388,395,401,404,405,411,412,420,422,424,430,431,434,440,444,449,455
105,106,107,108,109,110,111,112,113,114,115,116,117,118,119,120,121,122,123,124,125,126,127,128,129,130,131,132,133,134,135,136,137,138,139,140,141,142,143,144,145,146,147,148,149,257,258,259,260,261,262,263,264,265,266,267,268,269,270,271,272,273,274,275,276,277,278,279,280,281,282,283,284,285,286,287,288,289,290,291,292,293,294,295,296,297,298,299,300,301,302,303,304,305,306,307,308,309,310,311,312,313,314,315,316,317
1,11,12,13,14,39,40,41,42,51,52,53,54,55,56,57,58,80,81,82,83,84,85,86,87,113,114,115,116,125,126,127,128,129,130,131,132,158,159,160,161,178,179,180,181,182,183,184,185,186,187,211,212,213,214,215,216,217,218,219,220,246,249,250,274,275,276,277,278,279,280,293,294,295,296,297,298,299,335,336,337,338,339,340,341,359,360,361,362,363,364,365,405,406,407,408,409,410,411,424,425,426,427,428,429,430
3,7,11,15,19,23,27,31,35,39,43,47,53,55,61,64,66,74,76,82,84,90,93,95,103,105,109,113,117,121,127,129,135,138,140,148,150,154,158,162,166,170,174,181,184,191,195,198,208,214,217,224,228,231,241,255,259,266,269,272,276,279,283,288,290,295,298,302,305,308,315,320,327,330,333,337,340,344,351,354,357,361,364,368,373,375,379,384,386,390,397,400,403,407,410,414,419,421,426,429,433,436,439,446,451,454
211,212,213,214,215,216,217,218,219,220,221,222,223,224,225,226,227,228,229,230,231,232,233,234,235,236,237,238,239,240,241,242,243
19,20,21,22,27,28,29,30,47,48,49,50,121,122,123,124,166,167,168,169,174,175,176,177,248,290,291,375,376,386,387,421,422
261,263,268,278,285,287,297,307,312,317,322,324,329,339,346,348,353,363,370,372,381,383,392,394,399,409,416,418,428,438,443,448,453
31,32,33,34,35,36,37,38,39,40,41,42,43,44,45,46,47,48,49,50,51,52,53,54,55,56,57,58,59,60,61,62,63,64,65,66,67,68,69,70,71,72,73,74,75,244,245,246,247,248,249,250,251,252,253,254,388,389,390,391,392,393,394,395,396,397,398,399,400,401,402,403,404,405,406,407,408,409,410,411,412,413,414,415,416,417,418,419,420,421,422,423,424,425,426,427,428,429,430,431,432,433,434,435,436,437,438,439,440,441,442,443,444,445,446,447,448
2,3,4,5,6,31,32,33,34,62,63,64,65,66,67,68,69,76,77,78,79,91,92,93,94,95,96,97,98,105,106,107,108,136,137,138,139,140,141,142,143,150,151,152,153,192,193,194,195,196,197,198,199,200,201,225,226,227,228,229,230,231,232,233,234,244,252,253,264,265,266,267,268,269,270,303,304,305,306,307,308,309,325,326,327,328,329,330,331,349,350,351,352,353,354,355,395,396,397,398,399,400,401,434,435,436,437,438,439,440,449,450,451,452,453,454,455
5,9,13,17,21,25,29,33,37,41,45,49,52,57,60,63,68,70,73,78,81,86,89,92,97,99,102,107,111,115,119,123,126,131,134,137,142,144,147,151,155,159,163,167,171,175,180,185,190,194,199,202,207,213,218,223,227,232,235,240,256,257,264,270,271,273,274,280,281,289,291,293,299,300,303,309,310,313,318,325,331,332,334,335,341,342,349,355,356,358,359,365,366,374,376,377,385,387,388,395,401,402,404,405,411,412,420,422,424,430,431,434,440,441,444,449,455
15,16,17,18,19,20,21,22,162,163,164,165,166,167,168,169,366,367,368,369,370,371,372,373,374,375,376
71,100,145,203,204,236,237,260,261,284,285,311,312,321,322,345,346,369,370,380,381,391,392,415,416,442,443
152,156,160,164,168,172,176,178,182,186,188,192,196,200,203,205,209,211,215,219,221,225,229,233,236,238,242
3,4,5,6,7,8,9,10,11,12,13,14,31,32,33,34,35,36,37,38,39,40,41,42,105,106,107,108,109,110,111,112,113,114,115,116,150,151,152,153,154,155,156,157,158,159,160,161,244,245,246,257,258,259,260,261,262,263,264,265,266,267,268,269,270,271,272,273,274,275,276,277,278,279,280,342,343,344,345,346,347,348,349,350,351,352,353,354,355,356,357,358,359,360,361,362,363,364,365,388,389,390,391,392,393,394,395,396,397,398,399,400,401,402,403,404,405,406,407,408,409,410,411
51,52,53,62,63,64,72,73,74,80,81,82,91,92,93,101,102,103,125,126,127,136,137,138,146,147,148,178,179,180,181,192,193,194,195,205,206,207,208,211,212,213,214,225,226,227,228,238,239,240,241,249,252,254,257,258,259,264,265,266,274,275,276,281,282,283,293,294,295,303,304,305,313,314,315,318,319,320,325,326,327,335,336,337,342,343,344,349,350,351,359,360,361,366,367,368,377,378,379,388,389,390,395,396,397,405,406,407,412,413,414,424,425,426,434,435,436,444,445,446,449,450,451
3,5,6,7,9,10,11,13,14,15,17,18,19,21,22,23,25,26,27,29,30,31,33,34,35,37,38,39,41,42,43,45,46,47,49,50,51,52,53,54,55,57,58,59,60,61,62,63,64,65,66,68,69,70,71,72,73,74,75,76,78,79,80,81,82,83,84,86,87,88,89,90,91,92,93,94,95,97,98,99,100,101,102,103,104,105,107,108,109,111,112,113,115,116,117,119,120,121,123,124,125,126,127,128,129,131,132,133,134,135,136,137,138,139,140,142,143,144,145,146,147,148,149
23,24,25,26,27,28,29,30,43,44,45,46,47,48,49,50,117,118,119,120,121,122,123,124,170,171,172,173,174,175,176,177,247,248,281,282,283,284,285,286,287,288,289,290,291,377,378,379,380,381,382,383,384,385,386,387,412,413,414,415,416,417,418,419,420,421,422
54,65,75,83,94,104,128,139,149,182,183,196,197,209,210,215,216,229,230,242,243,262,263,267,268,277,278,286,287,296,297,306,307,316,317,323,324,328,329,338,339,347,348,352,353,362,363,371,372,382,383,393,394,398,399,408,409,417,418,427,428,437,438,447,448,452,453
150,151,153,154,155,157,158,159,161,162,163,165,166,167,169,170,171,173,174,175,177,179,180,181,183,184,185,187,189,190,191,193,194,195,197,198,199,201,202,204,206,207,208,210,212,213,214,216,217,218,220,222,223,224,226,227,228,230,231,232,234,235,237,239,240,241,243
